{
  "weights": [
    [
      -0.44580393144531516,
      0.008580020595893927,
      0.43722391084942114
    ],
    [
      0.06634213408401206,
      -0.07791469810384555,
      0.011572564019833597
    ],
    [
      0.49496116670415174,
      -0.054486033169860046,
      -0.4404751335342917
    ],
    [
      -0.04334616143299014,
      0.03115212967624431,
      0.012194031756745853
    ],
    [
      -0.11551044467535569,
      0.08277063101129194,
      0.0327398136640638
    ],
    [
      0.0856966937987107,
      -0.07030331886164105,
      -0.01539337493706956
    ],
    [
      -0.04217141323063601,
      0.02608022867647398,
      0.016091184554161968
    ]
  ],
  "classes": [
    0,
    1,
    2
  ],
  "features": [
    "log_odds_1",
    "log_odds_x",
    "log_odds_2",
    "overround",
    "market_entropy",
    "favorite_gap"
  ],
  "temperature": 0.8340000000000001,
  "training_metrics": {
    "best_epoch": 196,
    "best_val_logloss": 1.0360275738991704,
    "val_logloss_pre": 1.0360275738991704,
    "val_logloss_post": 1.0344111715792232,
    "ece_pre": 0.028003392498182563,
    "ece_post": 0.009386046723250717
  }
}